{"_wandb":{"runtime":2},"buffer_size":1,"_timestamp":1.7301728687100973e+09,"_runtime":2.3402662,"_step":0}