{"_wandb":{"runtime":63},"buffer_size":2623,"_timestamp":1.7301729754377902e+09,"_runtime":63.2244389,"_step":2693,"average_reward":0.06666666666666667,"episode":99,"epsilon":0.2}