{"_step":5152,"episode":81,"buffer_size":24,"_timestamp":1.730166401296664e+09,"_wandb":{"runtime":56},"loss":0.001093810335511253,"_runtime":56.4207117,"epsilon":1,"average_reward":0.23333333333333334}