{"_timestamp":1.73017271726485e+09,"_runtime":457.3629598,"_step":19976,"average_reward":0.03333333333333333,"episode":674,"epsilon":0.10000000000000012,"_wandb":{"runtime":457},"buffer_size":10000}