{"_timestamp":1.7302367774049377e+09,"_runtime":92.0188816,"_step":470,"average_reward":0.4,"episode":499,"epsilon":0.10000000000000012,"_wandb":{"runtime":92}}