{"epsilon":1,"_timestamp":1.7301666737747786e+09,"_runtime":212.6709747,"_step":357,"_wandb":{"runtime":215},"average_reward":0.5,"episode":386}