{"_timestamp":1.7301706178150697e+09,"_runtime":43.0790652,"_step":1604,"average_reward":0.13333333333333333,"episode":51,"epsilon":1,"_wandb":{"runtime":43},"buffer_size":1582}