{"_runtime":253.9861563,"buffer_size":7,"loss":0.0010209593759930651,"average_reward":0.23333333333333334,"_timestamp":1.7301661196847534e+09,"episode":499,"_wandb":{"runtime":254},"_step":26049,"epsilon":1}