{"_runtime":2.0285634,"_step":31,"buffer_size":32,"_wandb":{"runtime":3},"episode":1,"_timestamp":1.7301656559279208e+09}