{"buffer_size":1,"episode":0,"_wandb":{"runtime":5},"_timestamp":1.7301654649851887e+09,"_runtime":5.0298139,"_step":0}