{"episode":1,"_timestamp":1.730165841872953e+09,"_runtime":2.6330158,"_wandb":{"runtime":2},"_step":31,"buffer_size":32}