{"average_reward":0.03333333333333333,"_wandb":{"runtime":91},"_timestamp":1.7301707560728712e+09,"_runtime":91.176761,"_step":4341,"buffer_size":4225,"episode":145,"epsilon":0.10000000000000005}