{"average_reward":0.3,"episode":180,"epsilon":0.10000000000000031,"_timestamp":1.7302364540317094e+09,"_wandb":{"runtime":118},"_runtime":117.7759734,"_step":151}