{"_timestamp":1.7299012499008582e+09,"_runtime":433.7489436,"_step":470,"average_reward":0.23333333333333334,"episode":499,"epsilon":0.1,"_wandb":{"runtime":433}}