{"episode":499,"_wandb":{"runtime":72},"epsilon":1,"_timestamp":1.7308624915929897e+09,"_runtime":71.9816438,"_step":470,"average_reward":0.2}