{"_runtime":106.7430263,"_step":170,"average_reward":0.26666666666666666,"episode":199,"epsilon":1,"_wandb":{"runtime":107},"_timestamp":1.7301668917943015e+09}