{"_runtime":405.4548298,"_step":470,"_wandb":{"runtime":410},"average_reward":0.36666666666666664,"episode":499,"_timestamp":1.7299004269547527e+09}