{"average_reward":0.36666666666666664,"episode":499,"epsilon":0.9741401645798696,"_wandb":{"runtime":74},"_timestamp":1.7302370644700706e+09,"_runtime":74.2872901,"_step":470}