{"average_reward":0.3,"episode":999,"epsilon":0.1,"_wandb":{"runtime":759},"_runtime":759.1474831,"_step":31443,"buffer_size":10000,"_timestamp":1.7301715567155685e+09}